onset	duration	trial_type	sample	value	trial_number	gabor_contrast	subjective_r	objective_r
5.47461	0	128	ᗧ	128	0	NaN	NaN	NaN
6.53809	0.05	12	ᨨ	12	1	0.0271093	0	NaN
6.59668	0	128	ᩤ	128	1	NaN	NaN	NaN
7.57227	0	125	ṋ	125	1	NaN	NaN	NaN
9.13379	0.05	11	⒊	11	2	0.0262769	1	NaN
9.17285	0	128	⒲	128	2	NaN	NaN	NaN
9.92676	0	124	➶	124	2	NaN	NaN	NaN
11.4092	0.05	11	ⶤ	11	3	0.0275939	0	NaN
11.4473	0	128	ⷋ	128	3	NaN	NaN	NaN
12.627	0	125	㊃	125	3	NaN	NaN	NaN
14.0186	0.05	21	㠔	21	4	0.0274018	0	NaN
14.0576	0	128	㠼	128	4	NaN	NaN	NaN
14.9141	0	125	㮩	125	4	NaN	NaN	NaN
16.3438	0.05	22	䅡	22	5	0.0285455	0	NaN
16.3828	0	128	䆉	128	5	NaN	NaN	NaN
17.5283	0	125	䘞	125	5	NaN	NaN	NaN
18.7363	0	31	䫳	31	6	NaN	0	NaN
18.7744	0	128	䬚	128	6	NaN	NaN	NaN
20.0283	0	125	倞	125	6	NaN	NaN	NaN
21.5635	0.05	11	噂	11	7	0.0268882	1	NaN
21.6016	0	128	噩	128	7	NaN	NaN	NaN
22.7578	0	124	嬉	124	7	NaN	NaN	NaN
24.2734	0	32	愙	32	8	NaN	0	NaN
24.3115	0	128	慀	128	8	NaN	NaN	NaN
25.2598	0	125	攋	125	8	NaN	NaN	NaN
26.5986	0.05	11	橦	11	9	0.0269372	1	NaN
26.6543	0	128	檟	128	9	NaN	NaN	NaN
27.4814	0	124	淮	124	9	NaN	NaN	NaN
29.0244	0.05	21	琚	21	10	0.0289451	0	NaN
29.0625	0	128	瑁	128	10	NaN	NaN	NaN
30.124	0	125	碀	125	10	NaN	NaN	NaN
31.333	0.05	11	絖	11	11	0.025007	0	NaN
31.3711	0	128	絽	128	11	NaN	NaN	NaN
33.1191	0	125	葻	125	11	NaN	NaN	NaN
34.5449	0.05	22	訯	22	12	0.0289201	0	NaN
34.583	0	128	詖	128	12	NaN	NaN	NaN
35.5801	0	125	蹓	125	12	NaN	NaN	NaN
36.8037	0.05	21	錸	21	13	0.0304067	0	NaN
36.8418	0	128	鍟	128	13	NaN	NaN	NaN
38.166	0	125	颫	125	13	NaN	NaN	NaN
39.4131	0.05	22	鶨	22	14	0.0316269	0	NaN
39.4512	0	128	鷏	128	14	NaN	NaN	NaN
40.5469	0	125	ꈱ	125	14	NaN	NaN	NaN
41.8047	0.05	12	ꜹ	12	15	0.0265712	0	NaN
41.8438	0	128	ꝡ	128	15	NaN	NaN	NaN
42.6846	0	125	ꪾ	125	15	NaN	NaN	NaN
43.9131	0.05	11	꾨	11	16	0.0263428	0	NaN
43.9512	0	128	꿏	128	16	NaN	NaN	NaN
45.0576	0	125	됼	125	16	NaN	NaN	NaN
46.3721	0.05	22	륾	22	17	0.0328682	0	NaN
46.4111	0	128	릦	128	17	NaN	NaN	NaN
47.4756	0	125	뷨	125	17	NaN	NaN	NaN
48.7812	0.05	22	쌡	22	18	0.0343277	0	NaN
48.8193	0	128	썈	128	18	NaN	NaN	NaN
50.9082	0	125	쮣	125	18	NaN	NaN	NaN
52.4111	0.05	21	톦	21	19	0.0343831	0	NaN
52.4502	0	128	퇎	128	19	NaN	NaN	NaN
53.8252	0	125	흎	125	19	NaN	NaN	NaN
55.3887	0.05	22	�	22	20	0.0377298	0	2
55.4277	0	128	�	128	20	NaN	NaN	NaN
56.71	0	125		125	20	NaN	NaN	NaN
58.5928	0	122		122	20	NaN	NaN	NaN
59.7217	0.05	22		22	21	0.0378671	1	NaN
59.7607	0	128		128	21	NaN	NaN	NaN
61.209	0	124		124	21	NaN	NaN	NaN
62.5488	0.05	22	勉	22	22	0.0372908	0	NaN
62.5879	0	128	者	128	22	NaN	NaN	NaN
63.7861	0	125	Ｆ	125	22	NaN	NaN	NaN
65.1084	0.05	21	6.667200e+04	21	23	0.0397873	0	1
65.1475	0	128	6.671200e+04	128	23	NaN	NaN	NaN
66.2979	0	125	6.789000e+04	125	23	NaN	NaN	NaN
68.1787	0	121	6.981600e+04	121	23	NaN	NaN	NaN
69.3076	0.05	11	7.097200e+04	11	24	0.0275664	1	NaN
69.3457	0	128	7.101100e+04	128	24	NaN	NaN	NaN
70.6504	0	124	7.234700e+04	124	24	NaN	NaN	NaN
71.9004	0.05	12	7.362700e+04	12	25	0.0283893	1	NaN
71.9385	0	128	7.366600e+04	128	25	NaN	NaN	NaN
73.1465	0	124	7.490300e+04	124	25	NaN	NaN	NaN
74.5264	0.05	22	7.631600e+04	22	26	0.0367167	1	2
74.5654	0	128	7.635600e+04	128	26	NaN	NaN	NaN
75.8662	0	124	7.768800e+04	124	26	NaN	NaN	NaN
76.8154	0	122	7.866000e+04	122	26	NaN	NaN	NaN
78.1396	0.05	22	8.001600e+04	22	27	0.0380355	1	NaN
78.1787	0	128	8.005600e+04	128	27	NaN	NaN	NaN
79.5205	0	124	8.143000e+04	124	27	NaN	NaN	NaN
80.7334	0.05	11	8.267200e+04	11	28	0.0282358	0	NaN
80.7715	0	128	8.271100e+04	128	28	NaN	NaN	NaN
81.9277	0	125	8.389500e+04	125	28	NaN	NaN	NaN
83.3096	0.05	22	8.531000e+04	22	29	0.0357774	0	2
83.3477	0	128	8.534900e+04	128	29	NaN	NaN	NaN
84.4482	0	125	8.647600e+04	125	29	NaN	NaN	NaN
87.4111	0	122	8.951000e+04	122	29	NaN	NaN	NaN
88.5615	0.05	21	9.068800e+04	21	30	0.0365811	0	NaN
88.6006	0	128	9.072800e+04	128	30	NaN	NaN	NaN
90.0645	0	125	9.222700e+04	125	30	NaN	NaN	NaN
91.54	0.05	22	9.373800e+04	22	31	0.0380294	1	NaN
91.5781	0	128	9.377700e+04	128	31	NaN	NaN	NaN
92.7861	0	124	9.501400e+04	124	31	NaN	NaN	NaN
94.2666	0.05	21	9.653000e+04	21	32	0.036787	0	NaN
94.3057	0	128	9.657000e+04	128	32	NaN	NaN	NaN
96.5664	0	125	9.888500e+04	125	32	NaN	NaN	NaN
97.9639	0.05	22	1.003160e+05	22	33	0.0365619	1	NaN
98.002	0	128	1.003550e+05	128	33	NaN	NaN	NaN
98.7773	0	124	1.011490e+05	124	33	NaN	NaN	NaN
99.9707	0.05	21	1.023710e+05	21	34	0.0381437	0	NaN
100.01	0	128	1.024110e+05	128	34	NaN	NaN	NaN
102.762	0	125	1.052290e+05	125	34	NaN	NaN	NaN
103.952	0.05	21	1.064480e+05	21	35	0.0371766	1	NaN
103.991	0	128	1.064880e+05	128	35	NaN	NaN	NaN
105.126	0	124	1.076500e+05	124	35	NaN	NaN	NaN
106.412	0.05	12	1.089670e+05	12	36	0.0300034	1	NaN
106.45	0	128	1.090060e+05	128	36	NaN	NaN	NaN
107.688	0	124	1.102730e+05	124	36	NaN	NaN	NaN
109.122	0.05	12	1.117420e+05	12	37	0.0276399	0	NaN
109.16	0	128	1.117810e+05	128	37	NaN	NaN	NaN
112.856	0	125	1.155660e+05	125	37	NaN	NaN	NaN
114.408	0.05	21	1.171550e+05	21	38	0.0380289	0	NaN
114.446	0	128	1.171940e+05	128	38	NaN	NaN	NaN
118.251	0	125	1.210900e+05	125	38	NaN	NaN	NaN
119.628	0.05	21	1.225000e+05	21	39	0.0371554	1	NaN
119.666	0	128	1.225390e+05	128	39	NaN	NaN	NaN
120.707	0	124	1.236050e+05	124	39	NaN	NaN	NaN
122.087	0.05	12	1.250180e+05	12	40	0.0287135	1	NaN
122.125	0	128	1.250570e+05	128	40	NaN	NaN	NaN
123.526	0	124	1.264920e+05	124	40	NaN	NaN	NaN
125.098	0.05	12	1.281010e+05	12	41	0.028144	0	1
125.137	0	128	1.281410e+05	128	41	NaN	NaN	NaN
126.466	0	125	1.295020e+05	125	41	NaN	NaN	NaN
128.553	0	121	1.316390e+05	121	41	NaN	NaN	NaN
129.898	0.05	21	1.330170e+05	21	42	0.0369858	0	2
129.938	0	128	1.330570e+05	128	42	NaN	NaN	NaN
131.354	0	125	1.345070e+05	125	42	NaN	NaN	NaN
132.287	0	122	1.354630e+05	122	42	NaN	NaN	NaN
133.396	0.05	11	1.365980e+05	11	43	0.0298641	1	NaN
133.434	0	128	1.366370e+05	128	43	NaN	NaN	NaN
134.461	0	124	1.376890e+05	124	43	NaN	NaN	NaN
135.688	0.05	11	1.389450e+05	11	44	0.0291803	0	NaN
135.726	0	128	1.389840e+05	128	44	NaN	NaN	NaN
136.992	0	125	1.402810e+05	125	44	NaN	NaN	NaN
138.28	0.05	11	1.416000e+05	11	45	0.0294759	1	NaN
138.318	0	128	1.416390e+05	128	45	NaN	NaN	NaN
139.185	0	124	1.425260e+05	124	45	NaN	NaN	NaN
140.472	0	31	1.438440e+05	31	46	NaN	0	NaN
140.51	0	128	1.438830e+05	128	46	NaN	NaN	NaN
141.527	0	125	1.449250e+05	125	46	NaN	NaN	NaN
142.964	0.05	22	1.463960e+05	22	47	0.0369971	0	NaN
143.003	0	128	1.464360e+05	128	47	NaN	NaN	NaN
143.929	0	125	1.473840e+05	125	47	NaN	NaN	NaN
145.34	0.05	11	1.488290e+05	11	48	0.0300341	0	NaN
145.378	0	128	1.488680e+05	128	48	NaN	NaN	NaN
146.296	0	125	1.498080e+05	125	48	NaN	NaN	NaN
147.698	0.05	21	1.512440e+05	21	49	0.0356174	0	NaN
147.737	0	128	1.512840e+05	128	49	NaN	NaN	NaN
148.771	0	125	1.523430e+05	125	49	NaN	NaN	NaN
150.091	0.05	11	1.536940e+05	11	50	0.0298797	1	NaN
150.146	0	128	1.537510e+05	128	50	NaN	NaN	NaN
151.077	0	124	1.547040e+05	124	50	NaN	NaN	NaN
152.482	0.05	22	1.561430e+05	22	51	0.0386417	0	2
152.521	0	128	1.561830e+05	128	51	NaN	NaN	NaN
154.042	0	125	1.577400e+05	125	51	NaN	NaN	NaN
155.266	0	122	1.589930e+05	122	51	NaN	NaN	NaN
156.632	0.05	22	1.603920e+05	22	52	0.0389564	0	NaN
156.67	0	128	1.604310e+05	128	52	NaN	NaN	NaN
157.598	0	125	1.613810e+05	125	52	NaN	NaN	NaN
158.924	0.05	11	1.627390e+05	11	53	0.0296003	0	NaN
158.962	0	128	1.627780e+05	128	53	NaN	NaN	NaN
160.236	0	125	1.640830e+05	125	53	NaN	NaN	NaN
161.817	0.05	11	1.657020e+05	11	54	0.0280605	0	2
161.856	0	128	1.657420e+05	128	54	NaN	NaN	NaN
166.101	0	125	1.700880e+05	125	54	NaN	NaN	NaN
167.243	0	122	1.712580e+05	122	54	NaN	NaN	NaN
168.392	0.05	21	1.724340e+05	21	55	0.0390095	0	NaN
168.447	0	128	1.724910e+05	128	55	NaN	NaN	NaN
169.862	0	125	1.739400e+05	125	55	NaN	NaN	NaN
171.253	0.05	22	1.753640e+05	22	56	0.0394058	0	NaN
171.291	0	128	1.754030e+05	128	56	NaN	NaN	NaN
173.133	0	125	1.772890e+05	125	56	NaN	NaN	NaN
174.381	0	31	1.785670e+05	31	57	NaN	0	NaN
174.42	0	128	1.786070e+05	128	57	NaN	NaN	NaN
175.985	0	125	1.802100e+05	125	57	NaN	NaN	NaN
177.409	0.05	22	1.816680e+05	22	58	0.0405173	1	NaN
177.447	0	128	1.817070e+05	128	58	NaN	NaN	NaN
178.548	0	124	1.828340e+05	124	58	NaN	NaN	NaN
180.136	0.05	12	1.844600e+05	12	59	0.0295698	1	NaN
180.174	0	128	1.844990e+05	128	59	NaN	NaN	NaN
181.429	0	124	1.857840e+05	124	59	NaN	NaN	NaN
182.762	0	31	1.871490e+05	31	60	NaN	0	NaN
182.801	0	128	1.871890e+05	128	60	NaN	NaN	NaN
183.901	0	125	1.883160e+05	125	60	NaN	NaN	NaN
185.104	0.05	12	1.895480e+05	12	61	0.0320243	1	2
185.143	0	128	1.895870e+05	128	61	NaN	NaN	NaN
186.136	0	124	1.906040e+05	124	61	NaN	NaN	NaN
188.112	0	122	1.926280e+05	122	61	NaN	NaN	NaN
189.253	0.05	22	1.937960e+05	22	62	0.0423179	1	NaN
189.291	0	128	1.938350e+05	128	62	NaN	NaN	NaN
190.461	0	124	1.950330e+05	124	62	NaN	NaN	NaN
191.846	0.05	22	1.964510e+05	22	63	0.0416224	1	NaN
191.885	0	128	1.964910e+05	128	63	NaN	NaN	NaN
192.851	0	124	1.974800e+05	124	63	NaN	NaN	NaN
194.054	0.05	11	1.987120e+05	11	64	0.0296607	1	NaN
194.093	0	128	1.987520e+05	128	64	NaN	NaN	NaN
195.141	0	124	1.998250e+05	124	64	NaN	NaN	NaN
196.53	0.05	12	2.012480e+05	12	65	0.029053	1	2
196.568	0	128	2.012870e+05	128	65	NaN	NaN	NaN
197.82	0	124	2.025690e+05	124	65	NaN	NaN	NaN
200.274	0	122	2.050820e+05	122	65	NaN	NaN	NaN
201.548	0.05	22	2.063860e+05	22	66	0.0405551	1	NaN
201.587	0	128	2.064260e+05	128	66	NaN	NaN	NaN
203.054	0	124	2.079280e+05	124	66	NaN	NaN	NaN
204.275	0.05	22	2.091790e+05	22	67	0.0388391	0	NaN
204.313	0	128	2.092180e+05	128	67	NaN	NaN	NaN
207.35	0	125	2.123270e+05	125	67	NaN	NaN	NaN
208.893	0.05	12	2.139070e+05	12	68	0.028078	0	NaN
208.931	0	128	2.139460e+05	128	68	NaN	NaN	NaN
209.942	0	125	2.149820e+05	125	68	NaN	NaN	NaN
211.251	0.05	21	2.163220e+05	21	69	0.0388286	0	NaN
211.29	0	128	2.163620e+05	128	69	NaN	NaN	NaN
212.539	0	125	2.176410e+05	125	69	NaN	NaN	NaN
214.062	0.05	21	2.192000e+05	21	70	0.0405037	1	NaN
214.101	0	128	2.192400e+05	128	70	NaN	NaN	NaN
215.779	0	124	2.209590e+05	124	70	NaN	NaN	NaN
217.006	0.05	12	2.222150e+05	12	71	0.029047	1	NaN
217.045	0	128	2.222550e+05	128	71	NaN	NaN	NaN
218.26	0	124	2.234990e+05	124	71	NaN	NaN	NaN
219.599	0.05	11	2.248700e+05	11	72	0.0278375	1	1
219.638	0	128	2.249100e+05	128	72	NaN	NaN	NaN
220.635	0	124	2.259310e+05	124	72	NaN	NaN	NaN
221.682	0	121	2.270030e+05	121	72	NaN	NaN	NaN
222.844	0.05	21	2.281930e+05	21	73	0.0389021	1	NaN
222.883	0	128	2.282330e+05	128	73	NaN	NaN	NaN
224.005	0	124	2.293820e+05	124	73	NaN	NaN	NaN
225.22	0.05	22	2.306260e+05	22	74	0.039632	1	NaN
225.258	0	128	2.306650e+05	128	74	NaN	NaN	NaN
226.198	0	124	2.316280e+05	124	74	NaN	NaN	NaN
227.629	0	32	2.330930e+05	32	75	NaN	0	NaN
227.667	0	128	2.331320e+05	128	75	NaN	NaN	NaN
229.177	0	125	2.346780e+05	125	75	NaN	NaN	NaN
230.423	0.05	22	2.359540e+05	22	76	0.039126	1	NaN
230.461	0	128	2.359930e+05	128	76	NaN	NaN	NaN
231.851	0	124	2.374160e+05	124	76	NaN	NaN	NaN
233.232	0.05	12	2.388310e+05	12	77	0.0272708	1	2
233.271	0	128	2.388710e+05	128	77	NaN	NaN	NaN
234.449	0	124	2.400770e+05	124	77	NaN	NaN	NaN
236.418	0	122	2.420930e+05	122	77	NaN	NaN	NaN
237.699	0.05	22	2.434050e+05	22	78	0.0400378	1	2
237.738	0	128	2.434450e+05	128	78	NaN	NaN	NaN
238.698	0	124	2.444280e+05	124	78	NaN	NaN	NaN
239.91	0	122	2.456690e+05	122	78	NaN	NaN	NaN
241.246	0.05	12	2.470370e+05	12	79	0.023768	0	NaN
241.284	0	128	2.470760e+05	128	79	NaN	NaN	NaN
242.642	0	125	2.484660e+05	125	79	NaN	NaN	NaN
244.19	0.05	21	2.500520e+05	21	80	0.0377867	1	NaN
244.229	0	128	2.500910e+05	128	80	NaN	NaN	NaN
245.261	0	124	2.511480e+05	124	80	NaN	NaN	NaN
246.816	0.05	21	2.527410e+05	21	81	0.03675	0	1
246.855	0	128	2.527810e+05	128	81	NaN	NaN	NaN
247.937	0	125	2.538880e+05	125	81	NaN	NaN	NaN
249.145	0	121	2.551250e+05	121	81	NaN	NaN	NaN
250.547	0.05	11	2.565610e+05	11	82	0.0288531	0	2
250.586	0	128	2.566010e+05	128	82	NaN	NaN	NaN
251.642	0	125	2.576820e+05	125	82	NaN	NaN	NaN
252.639	0	122	2.587030e+05	122	82	NaN	NaN	NaN
253.96	0.05	12	2.600560e+05	12	83	0.03105	1	NaN
253.998	0	128	2.600950e+05	128	83	NaN	NaN	NaN
254.93	0	124	2.610490e+05	124	83	NaN	NaN	NaN
256.302	0.05	22	2.624540e+05	22	84	0.0364073	1	2
256.341	0	128	2.624940e+05	128	84	NaN	NaN	NaN
257.611	0	124	2.637950e+05	124	84	NaN	NaN	NaN
260.63	0	122	2.668860e+05	122	84	NaN	NaN	NaN
261.973	0.05	22	2.682610e+05	22	85	0.0374207	1	NaN
262.012	0	128	2.683010e+05	128	85	NaN	NaN	NaN
263.317	0	124	2.696380e+05	124	85	NaN	NaN	NaN
264.717	0.05	12	2.710710e+05	12	86	0.0290822	0	NaN
264.755	0	128	2.711100e+05	128	86	NaN	NaN	NaN
268.279	0	125	2.747190e+05	125	86	NaN	NaN	NaN
269.701	0.05	21	2.761750e+05	21	87	0.0371732	0	NaN
269.74	0	128	2.762150e+05	128	87	NaN	NaN	NaN
270.708	0	125	2.772060e+05	125	87	NaN	NaN	NaN
272.094	0.05	11	2.786250e+05	11	88	0.0276464	0	1
272.133	0	128	2.786650e+05	128	88	NaN	NaN	NaN
274.672	0	125	2.812650e+05	125	88	NaN	NaN	NaN
276.656	0	121	2.832970e+05	121	88	NaN	NaN	NaN
277.915	0	31	2.845860e+05	31	89	NaN	0	NaN
277.954	0	128	2.846260e+05	128	89	NaN	NaN	NaN
278.966	0	125	2.856620e+05	125	89	NaN	NaN	NaN
280.207	0.05	22	2.869330e+05	22	90	0.039199	0	1
280.246	0	128	2.869730e+05	128	90	NaN	NaN	NaN
281.336	0	125	2.880890e+05	125	90	NaN	NaN	NaN
282.518	0	121	2.892990e+05	121	90	NaN	NaN	NaN
283.721	0.05	22	2.905310e+05	22	91	0.0367309	0	NaN
283.759	0	128	2.905700e+05	128	91	NaN	NaN	NaN
284.692	0	125	2.915260e+05	125	91	NaN	NaN	NaN
285.995	0.05	22	2.928600e+05	22	92	0.0372269	0	2
286.034	0	128	2.929000e+05	128	92	NaN	NaN	NaN
295.372	0	125	3.024620e+05	125	92	NaN	NaN	NaN
296.317	0	122	3.034300e+05	122	92	NaN	NaN	NaN
297.521	0.05	11	3.046630e+05	11	93	0.0272221	0	NaN
297.561	0	128	3.047030e+05	128	93	NaN	NaN	NaN
298.951	0	125	3.061270e+05	125	93	NaN	NaN	NaN
300.466	0.05	21	3.076780e+05	21	94	0.0399297	0	NaN
300.505	0	128	3.077180e+05	128	94	NaN	NaN	NaN
301.542	0	125	3.087800e+05	125	94	NaN	NaN	NaN
303.025	0	32	3.102990e+05	32	95	NaN	0	NaN
303.063	0	128	3.103380e+05	128	95	NaN	NaN	NaN
304.125	0	125	3.114250e+05	125	95	NaN	NaN	NaN
305.468	0.05	11	3.128000e+05	11	96	0.0287969	1	NaN
305.506	0	128	3.128390e+05	128	96	NaN	NaN	NaN
306.672	0	124	3.140330e+05	124	96	NaN	NaN	NaN
308.011	0.05	11	3.154040e+05	11	97	0.0294055	1	1
308.049	0	128	3.154430e+05	128	97	NaN	NaN	NaN
309.07	0	124	3.164890e+05	124	97	NaN	NaN	NaN
310.297	0	121	3.177450e+05	121	97	NaN	NaN	NaN
311.457	0.05	12	3.189330e+05	12	98	0.026147	0	NaN
311.495	0	128	3.189720e+05	128	98	NaN	NaN	NaN
312.668	0	125	3.201730e+05	125	98	NaN	NaN	NaN
313.865	0.05	12	3.213990e+05	12	99	0.0284772	1	NaN
313.904	0	128	3.214390e+05	128	99	NaN	NaN	NaN
314.729	0	124	3.222830e+05	124	99	NaN	NaN	NaN
316.124	0.05	11	3.237120e+05	11	100	0.0267318	1	NaN
316.162	0	128	3.237510e+05	128	100	NaN	NaN	NaN
317.242	0	124	3.248570e+05	124	100	NaN	NaN	NaN
341.004	0	128	3.491890e+05	128	100	NaN	NaN	NaN
342.121	0	32	3.503330e+05	32	101	NaN	0	NaN
342.159	0	128	3.503720e+05	128	101	NaN	NaN	NaN
343.093	0	125	3.513280e+05	125	101	NaN	NaN	NaN
344.479	0.05	22	3.527480e+05	22	102	0.0394565	1	NaN
344.518	0	128	3.527870e+05	128	102	NaN	NaN	NaN
345.523	0	124	3.538170e+05	124	102	NaN	NaN	NaN
346.988	0.05	12	3.553170e+05	12	103	0.0265406	1	NaN
347.027	0	128	3.553570e+05	128	103	NaN	NaN	NaN
348.039	0	124	3.563930e+05	124	103	NaN	NaN	NaN
349.564	0.05	11	3.579550e+05	11	104	0.0256395	0	2
349.604	0	128	3.579950e+05	128	104	NaN	NaN	NaN
350.608	0	125	3.590240e+05	125	104	NaN	NaN	NaN
352.455	0	122	3.609150e+05	122	104	NaN	NaN	NaN
353.897	0.05	22	3.623920e+05	22	105	0.0390104	1	NaN
353.937	0	128	3.624320e+05	128	105	NaN	NaN	NaN
354.842	0	124	3.633590e+05	124	105	NaN	NaN	NaN
356.089	0.05	12	3.646360e+05	12	106	0.0254489	1	1
356.128	0	128	3.646760e+05	128	106	NaN	NaN	NaN
357.458	0	124	3.660380e+05	124	106	NaN	NaN	NaN
358.397	0	121	3.670000e+05	121	106	NaN	NaN	NaN
359.619	0.05	21	3.682510e+05	21	107	0.0397133	1	1
359.657	0	128	3.682900e+05	128	107	NaN	NaN	NaN
360.788	0	124	3.694480e+05	124	107	NaN	NaN	NaN
362.853	0	121	3.715620e+05	121	107	NaN	NaN	NaN
364.002	0.05	11	3.727390e+05	11	108	0.0261473	0	1
364.04	0	128	3.727780e+05	128	108	NaN	NaN	NaN
365.201	0	125	3.739670e+05	125	108	NaN	NaN	NaN
366.309	0	121	3.751010e+05	121	108	NaN	NaN	NaN
367.481	0.05	11	3.763020e+05	11	109	0.026214	0	2
367.52	0	128	3.763410e+05	128	109	NaN	NaN	NaN
368.326	0	125	3.771670e+05	125	109	NaN	NaN	NaN
369.337	0	122	3.782020e+05	122	109	NaN	NaN	NaN
370.644	0.05	21	3.795400e+05	21	110	0.0378277	0	1
370.682	0	128	3.795790e+05	128	110	NaN	NaN	NaN
371.76	0	125	3.806830e+05	125	110	NaN	NaN	NaN
378.344	0	121	3.874250e+05	121	110	NaN	NaN	NaN
379.576	0	31	3.886870e+05	31	111	NaN	0	NaN
379.615	0	128	3.887270e+05	128	111	NaN	NaN	NaN
380.712	0	125	3.898500e+05	125	111	NaN	NaN	NaN
382.202	0.05	11	3.913760e+05	11	112	0.0255376	0	NaN
382.241	0	128	3.914160e+05	128	112	NaN	NaN	NaN
383.173	0	125	3.923700e+05	125	112	NaN	NaN	NaN
384.695	0.05	21	3.939290e+05	21	113	0.0406103	1	NaN
384.734	0	128	3.939690e+05	128	113	NaN	NaN	NaN
385.904	0	124	3.951670e+05	124	113	NaN	NaN	NaN
387.205	0.05	21	3.964990e+05	21	114	0.0380352	1	NaN
387.26	0	128	3.965550e+05	128	114	NaN	NaN	NaN
388.297	0	124	3.976170e+05	124	114	NaN	NaN	NaN
389.613	0.05	21	3.989650e+05	21	115	0.0390258	1	NaN
389.652	0	128	3.990050e+05	128	115	NaN	NaN	NaN
391.015	0	124	4.004000e+05	124	115	NaN	NaN	NaN
392.474	0	32	4.018940e+05	32	116	NaN	0	NaN
392.513	0	128	4.019340e+05	128	116	NaN	NaN	NaN
393.754	0	125	4.032050e+05	125	116	NaN	NaN	NaN
395.101	0.05	12	4.045840e+05	12	117	0.0269157	0	NaN
395.14	0	128	4.046240e+05	128	117	NaN	NaN	NaN
396.273	0	125	4.057850e+05	125	117	NaN	NaN	NaN
397.61	0.05	12	4.071540e+05	12	118	0.0299122	1	NaN
397.665	0	128	4.072100e+05	128	118	NaN	NaN	NaN
398.457	0	124	4.080210e+05	124	118	NaN	NaN	NaN
399.668	0.05	12	4.092610e+05	12	119	0.0273751	1	NaN
399.706	0	128	4.093000e+05	128	119	NaN	NaN	NaN
401.075	0	124	4.107020e+05	124	119	NaN	NaN	NaN
402.495	0.05	11	4.121560e+05	11	120	0.0274064	1	NaN
402.533	0	128	4.121950e+05	128	120	NaN	NaN	NaN
403.855	0	124	4.135490e+05	124	120	NaN	NaN	NaN
405.205	0	31	4.149310e+05	31	121	NaN	0	NaN
405.26	0	128	4.149870e+05	128	121	NaN	NaN	NaN
409.431	0	125	4.192580e+05	125	121	NaN	NaN	NaN
410.96	0.05	11	4.208240e+05	11	122	0.0259632	0	NaN
410.998	0	128	4.208630e+05	128	122	NaN	NaN	NaN
411.946	0	125	4.218340e+05	125	122	NaN	NaN	NaN
413.335	0.05	21	4.232560e+05	21	123	0.0381342	0	NaN
413.374	0	128	4.232960e+05	128	123	NaN	NaN	NaN
414.549	0	125	4.244990e+05	125	123	NaN	NaN	NaN
415.777	0.05	11	4.257570e+05	11	124	0.0267954	0	NaN
415.816	0	128	4.257970e+05	128	124	NaN	NaN	NaN
416.73	0	125	4.267330e+05	125	124	NaN	NaN	NaN
418.304	0.05	21	4.283440e+05	21	125	0.0386138	1	NaN
418.342	0	128	4.283830e+05	128	125	NaN	NaN	NaN
420.16	0	124	4.302450e+05	124	125	NaN	NaN	NaN
421.616	0	32	4.317360e+05	32	126	NaN	0	NaN
421.654	0	128	4.317750e+05	128	126	NaN	NaN	NaN
422.8	0	125	4.329480e+05	125	126	NaN	NaN	NaN
424.059	0.05	11	4.342370e+05	11	127	0.0288175	1	NaN
424.097	0	128	4.342760e+05	128	127	NaN	NaN	NaN
425.132	0	124	4.353360e+05	124	127	NaN	NaN	NaN
426.4	0.05	12	4.366350e+05	12	128	0.0265197	0	NaN
426.438	0	128	4.366740e+05	128	128	NaN	NaN	NaN
427.781	0	125	4.380490e+05	125	128	NaN	NaN	NaN
429.01	0	32	4.393070e+05	32	129	NaN	0	NaN
429.049	0	128	4.393470e+05	128	129	NaN	NaN	NaN
430.12	0	125	4.404440e+05	125	129	NaN	NaN	NaN
431.536	0.05	11	4.418940e+05	11	130	0.0271903	0	NaN
431.574	0	128	4.419330e+05	128	130	NaN	NaN	NaN
432.646	0	125	4.430300e+05	125	130	NaN	NaN	NaN
434.079	0.05	22	4.444980e+05	22	131	0.0390256	0	NaN
434.117	0	128	4.445370e+05	128	131	NaN	NaN	NaN
435.147	0	125	4.455920e+05	125	131	NaN	NaN	NaN
436.705	0.05	21	4.471870e+05	21	132	0.040125	0	NaN
436.744	0	128	4.472270e+05	128	132	NaN	NaN	NaN
437.801	0	125	4.483090e+05	125	132	NaN	NaN	NaN
439.281	0.05	11	4.498250e+05	11	133	0.0283891	0	NaN
439.32	0	128	4.498650e+05	128	133	NaN	NaN	NaN
440.336	0	125	4.509050e+05	125	133	NaN	NaN	NaN
441.824	0.05	12	4.524290e+05	12	134	0.0291092	0	NaN
441.862	0	128	4.524680e+05	128	134	NaN	NaN	NaN
442.837	0	125	4.534660e+05	125	134	NaN	NaN	NaN
444.333	0.05	22	4.549980e+05	22	135	0.0406767	1	NaN
444.372	0	128	4.550380e+05	128	135	NaN	NaN	NaN
445.88	0	124	4.565820e+05	124	135	NaN	NaN	NaN
447.144	0.05	11	4.578760e+05	11	136	0.0317447	0	NaN
447.183	0	128	4.579160e+05	128	136	NaN	NaN	NaN
448.514	0	125	4.592790e+05	125	136	NaN	NaN	NaN
449.737	0.05	21	4.605320e+05	21	137	0.0411685	1	NaN
449.775	0	128	4.605710e+05	128	137	NaN	NaN	NaN
450.638	0	124	4.614540e+05	124	137	NaN	NaN	NaN
451.929	0.05	12	4.627760e+05	12	138	0.0303054	0	NaN
451.967	0	128	4.628150e+05	128	138	NaN	NaN	NaN
452.904	0	125	4.637750e+05	125	138	NaN	NaN	NaN
454.204	0.05	12	4.651060e+05	12	139	0.0328967	0	NaN
454.242	0	128	4.651450e+05	128	139	NaN	NaN	NaN
455.428	0	125	4.663590e+05	125	139	NaN	NaN	NaN
456.88	0.05	12	4.678460e+05	12	140	0.0337964	0	NaN
456.919	0	128	4.678860e+05	128	140	NaN	NaN	NaN
458.014	0	125	4.690070e+05	125	140	NaN	NaN	NaN
459.489	0.05	22	4.705180e+05	22	141	0.0402877	0	NaN
459.528	0	128	4.705580e+05	128	141	NaN	NaN	NaN
464.783	0	125	4.759390e+05	125	141	NaN	NaN	NaN
466.282	0.05	21	4.774740e+05	21	142	0.0398876	0	NaN
466.32	0	128	4.775130e+05	128	142	NaN	NaN	NaN
475.67	0	125	4.870870e+05	125	142	NaN	NaN	NaN
476.921	0.05	12	4.883680e+05	12	143	0.0333521	0	NaN
476.96	0	128	4.884080e+05	128	143	NaN	NaN	NaN
478.231	0	125	4.897100e+05	125	143	NaN	NaN	NaN
479.464	0.05	22	4.909720e+05	22	144	0.0402942	1	2
479.503	0	128	4.910120e+05	128	144	NaN	NaN	NaN
480.35	0	124	4.918790e+05	124	144	NaN	NaN	NaN
481.567	0	122	4.931260e+05	122	144	NaN	NaN	NaN
483.061	0.05	22	4.946550e+05	22	145	0.0379469	1	NaN
483.1	0	128	4.946950e+05	128	145	NaN	NaN	NaN
484.278	0	124	4.959020e+05	124	145	NaN	NaN	NaN
485.604	0.05	11	4.972590e+05	11	146	0.0365106	0	NaN
485.642	0	128	4.972980e+05	128	146	NaN	NaN	NaN
486.366	0	125	4.980400e+05	125	146	NaN	NaN	NaN
487.778	0.05	12	4.994860e+05	12	147	0.0348535	1	NaN
487.816	0	128	4.995250e+05	128	147	NaN	NaN	NaN
492.128	0	124	5.039400e+05	124	147	NaN	NaN	NaN
493.365	0.05	21	5.052070e+05	21	148	0.0373282	0	2
493.404	0	128	5.052470e+05	128	148	NaN	NaN	NaN
494.443	0	125	5.063110e+05	125	148	NaN	NaN	NaN
495.567	0	122	5.074620e+05	122	148	NaN	NaN	NaN
496.979	0.05	21	5.089080e+05	21	149	0.0375766	1	NaN
497.018	0	128	5.089470e+05	128	149	NaN	NaN	NaN
500.896	0	124	5.129190e+05	124	149	NaN	NaN	NaN
502.482	0.05	11	5.145430e+05	11	150	0.0334356	1	NaN
502.521	0	128	5.145830e+05	128	150	NaN	NaN	NaN
503.41	0	124	5.154930e+05	124	150	NaN	NaN	NaN
504.842	0.05	22	5.169590e+05	22	151	0.0389109	0	NaN
504.88	0	128	5.169980e+05	128	151	NaN	NaN	NaN
506.313	0	125	5.184660e+05	125	151	NaN	NaN	NaN
507.786	0	32	5.199740e+05	32	152	NaN	0	NaN
507.824	0	128	5.200130e+05	128	152	NaN	NaN	NaN
509.375	0	125	5.216010e+05	125	152	NaN	NaN	NaN
510.696	0.05	12	5.229540e+05	12	153	0.0356477	0	NaN
510.735	0	128	5.229940e+05	128	153	NaN	NaN	NaN
513.383	0	125	5.257050e+05	125	153	NaN	NaN	NaN
514.812	0.05	21	5.271680e+05	21	154	0.0405383	0	2
514.851	0	128	5.272080e+05	128	154	NaN	NaN	NaN
515.732	0	125	5.281110e+05	125	154	NaN	NaN	NaN
525.933	0	122	5.385560e+05	122	154	NaN	NaN	NaN
527.124	0	32	5.397760e+05	32	155	NaN	0	NaN
527.163	0	128	5.398160e+05	128	155	NaN	NaN	NaN
528.829	0	125	5.415220e+05	125	155	NaN	NaN	NaN
530.27	0.05	12	5.429970e+05	12	156	0.0379437	0	NaN
530.308	0	128	5.430360e+05	128	156	NaN	NaN	NaN
531.185	0	125	5.439340e+05	125	156	NaN	NaN	NaN
532.578	0.05	11	5.453610e+05	11	157	0.0361472	0	NaN
532.616	0	128	5.454000e+05	128	157	NaN	NaN	NaN
537.086	0	125	5.499770e+05	125	157	NaN	NaN	NaN
538.416	0.05	22	5.513390e+05	22	158	0.0360929	0	1
538.455	0	128	5.513790e+05	128	158	NaN	NaN	NaN
539.751	0	125	5.527060e+05	125	158	NaN	NaN	NaN
544.982	0	121	5.580630e+05	121	158	NaN	NaN	NaN
546.229	0.05	12	5.593390e+05	12	159	0.0360782	0	NaN
546.268	0	128	5.593790e+05	128	159	NaN	NaN	NaN
550.925	0	125	5.641480e+05	125	159	NaN	NaN	NaN
552.117	0.05	22	5.653690e+05	22	160	0.0401665	0	NaN
552.155	0	128	5.654080e+05	128	160	NaN	NaN	NaN
553.269	0	125	5.665480e+05	125	160	NaN	NaN	NaN
554.761	0	32	5.680760e+05	32	161	NaN	0	NaN
554.799	0	128	5.681150e+05	128	161	NaN	NaN	NaN
555.714	0	125	5.690520e+05	125	161	NaN	NaN	NaN
557.203	0.05	11	5.705770e+05	11	162	0.0374289	1	NaN
557.241	0	128	5.706160e+05	128	162	NaN	NaN	NaN
558.491	0	124	5.718960e+05	124	162	NaN	NaN	NaN
560.08	0.05	12	5.735230e+05	12	163	0.0370675	0	NaN
560.118	0	128	5.735620e+05	128	163	NaN	NaN	NaN
561.244	0	125	5.747150e+05	125	163	NaN	NaN	NaN
562.656	0	31	5.761610e+05	31	164	NaN	0	NaN
562.695	0	128	5.762010e+05	128	164	NaN	NaN	NaN
564.457	0	125	5.780050e+05	125	164	NaN	NaN	NaN
565.802	0.05	11	5.793820e+05	11	165	0.0372798	1	NaN
565.84	0	128	5.794210e+05	128	165	NaN	NaN	NaN
566.77	0	124	5.803730e+05	124	165	NaN	NaN	NaN
568.193	0.05	12	5.818310e+05	12	166	0.0374089	1	NaN
568.232	0	128	5.818710e+05	128	166	NaN	NaN	NaN
569.156	0	124	5.828170e+05	124	166	NaN	NaN	NaN
570.603	0.05	21	5.842980e+05	21	167	0.0397562	1	NaN
570.641	0	128	5.843370e+05	128	167	NaN	NaN	NaN
571.607	0	124	5.853270e+05	124	167	NaN	NaN	NaN
572.995	0.05	22	5.867480e+05	22	168	0.0393539	0	2
573.033	0	128	5.867870e+05	128	168	NaN	NaN	NaN
573.856	0	125	5.876300e+05	125	168	NaN	NaN	NaN
576.5	0	122	5.903370e+05	122	168	NaN	NaN	NaN
577.88	0.05	21	5.917500e+05	21	169	0.0398542	0	NaN
577.918	0	128	5.917890e+05	128	169	NaN	NaN	NaN
578.929	0	125	5.928240e+05	125	169	NaN	NaN	NaN
580.456	0.05	12	5.943880e+05	12	170	0.036353	1	NaN
580.494	0	128	5.944270e+05	128	170	NaN	NaN	NaN
581.75	0	124	5.957130e+05	124	170	NaN	NaN	NaN
583.016	0.05	12	5.970090e+05	12	171	0.0357907	1	NaN
583.054	0	128	5.970480e+05	128	171	NaN	NaN	NaN
584.058	0	124	5.980760e+05	124	171	NaN	NaN	NaN
585.574	0.05	11	5.996290e+05	11	172	0.0323662	1	NaN
585.613	0	128	5.996690e+05	128	172	NaN	NaN	NaN
586.575	0	124	6.006540e+05	124	172	NaN	NaN	NaN
588.034	0.05	11	6.021480e+05	11	173	0.0314678	1	NaN
588.072	0	128	6.021870e+05	128	173	NaN	NaN	NaN
588.967	0	124	6.031030e+05	124	173	NaN	NaN	NaN
590.409	0	32	6.045800e+05	32	174	NaN	0	NaN
590.448	0	128	6.046200e+05	128	174	NaN	NaN	NaN
591.455	0	125	6.056510e+05	125	174	NaN	NaN	NaN
592.769	0.05	22	6.069960e+05	22	175	0.0385449	1	NaN
592.807	0	128	6.070350e+05	128	175	NaN	NaN	NaN
593.752	0	124	6.080030e+05	124	175	NaN	NaN	NaN
594.993	0.05	22	6.092740e+05	22	176	0.0391972	1	NaN
595.031	0	128	6.093130e+05	128	176	NaN	NaN	NaN
595.908	0	124	6.102110e+05	124	176	NaN	NaN	NaN
597.185	0.05	21	6.115180e+05	21	177	0.0390173	0	2
597.223	0	128	6.115570e+05	128	177	NaN	NaN	NaN
598.791	0	125	6.131630e+05	125	177	NaN	NaN	NaN
602.293	0	122	6.167490e+05	122	177	NaN	NaN	NaN
603.642	0.05	12	6.181300e+05	12	178	0.031698	0	NaN
603.681	0	128	6.181700e+05	128	178	NaN	NaN	NaN
604.641	0	125	6.191530e+05	125	178	NaN	NaN	NaN
605.967	0	31	6.205110e+05	31	179	NaN	0	NaN
606.006	0	128	6.205510e+05	128	179	NaN	NaN	NaN
610.3	0	125	6.249480e+05	125	179	NaN	NaN	NaN
611.588	0.05	12	6.262670e+05	12	180	0.0316517	0	NaN
611.627	0	128	6.263070e+05	128	180	NaN	NaN	NaN
612.775	0	125	6.274830e+05	125	180	NaN	NaN	NaN
614.131	0.05	11	6.288710e+05	11	181	0.0324908	0	2
614.169	0	128	6.289100e+05	128	181	NaN	NaN	NaN
615.391	0	125	6.301610e+05	125	181	NaN	NaN	NaN
618.458	0	122	6.333020e+05	122	181	NaN	NaN	NaN
619.718	0	31	6.345920e+05	31	182	NaN	0	NaN
619.757	0	128	6.346320e+05	128	182	NaN	NaN	NaN
620.936	0	125	6.358390e+05	125	182	NaN	NaN	NaN
622.277	0.05	11	6.372130e+05	11	183	0.0315741	0	NaN
622.316	0	128	6.372530e+05	128	183	NaN	NaN	NaN
623.303	0	125	6.382630e+05	125	183	NaN	NaN	NaN
624.67	0.05	22	6.396630e+05	22	184	0.0391562	1	NaN
624.709	0	128	6.397030e+05	128	184	NaN	NaN	NaN
625.654	0	124	6.406710e+05	124	184	NaN	NaN	NaN
627.079	0.05	21	6.421300e+05	21	185	0.0394567	0	NaN
627.117	0	128	6.421690e+05	128	185	NaN	NaN	NaN
628.558	0	125	6.436440e+05	125	185	NaN	NaN	NaN
629.873	0.05	12	6.449910e+05	12	186	0.0329817	0	NaN
629.911	0	128	6.450300e+05	128	186	NaN	NaN	NaN
630.988	0	125	6.461330e+05	125	186	NaN	NaN	NaN
632.231	0.05	22	6.474060e+05	22	187	0.0403623	0	1
632.27	0	128	6.474450e+05	128	187	NaN	NaN	NaN
633.479	0	125	6.486840e+05	125	187	NaN	NaN	NaN
641.901	0	121	6.573080e+05	121	187	NaN	NaN	NaN
643.355	0	32	6.587970e+05	32	188	NaN	0	NaN
643.395	0	128	6.588370e+05	128	188	NaN	NaN	NaN
644.349	0	125	6.598140e+05	125	188	NaN	NaN	NaN
645.598	0.05	22	6.610930e+05	22	189	0.037724	0	NaN
645.637	0	128	6.611330e+05	128	189	NaN	NaN	NaN
646.595	0	125	6.621140e+05	125	189	NaN	NaN	NaN
647.822	0.05	21	6.633710e+05	21	190	0.0402894	0	NaN
647.861	0	128	6.634110e+05	128	190	NaN	NaN	NaN
648.852	0	125	6.644250e+05	125	190	NaN	NaN	NaN
650.365	0.05	22	6.659750e+05	22	191	0.0405023	0	NaN
650.404	0	128	6.660150e+05	128	191	NaN	NaN	NaN
651.428	0	125	6.670630e+05	125	191	NaN	NaN	NaN
652.941	0.05	11	6.686130e+05	11	192	0.0343319	0	NaN
652.98	0	128	6.686530e+05	128	192	NaN	NaN	NaN
654.103	0	125	6.698020e+05	125	192	NaN	NaN	NaN
655.651	0.05	21	6.713880e+05	21	193	0.0409656	0	NaN
655.69	0	128	6.714280e+05	128	193	NaN	NaN	NaN
656.82	0	125	6.725850e+05	125	193	NaN	NaN	NaN
658.061	0.05	21	6.738550e+05	21	194	0.0432087	1	NaN
658.1	0	128	6.738950e+05	128	194	NaN	NaN	NaN
659.153	0	124	6.749740e+05	124	194	NaN	NaN	NaN
660.721	0.05	12	6.765790e+05	12	195	0.034956	0	NaN
660.759	0	128	6.766180e+05	128	195	NaN	NaN	NaN
662.076	0	125	6.779670e+05	125	195	NaN	NaN	NaN
663.431	0.05	21	6.793540e+05	21	196	0.045683	1	NaN
663.469	0	128	6.793930e+05	128	196	NaN	NaN	NaN
664.524	0	124	6.804740e+05	124	196	NaN	NaN	NaN
665.806	0	32	6.817860e+05	32	197	NaN	0	NaN
665.845	0	128	6.818260e+05	128	197	NaN	NaN	NaN
666.979	0	125	6.829880e+05	125	197	NaN	NaN	NaN
668.55	0.05	11	6.845960e+05	11	198	0.0366521	0	NaN
668.588	0	128	6.846350e+05	128	198	NaN	NaN	NaN
670.349	0	125	6.864380e+05	125	198	NaN	NaN	NaN
671.828	0.05	22	6.879530e+05	22	199	0.0407249	0	NaN
671.867	0	128	6.879930e+05	128	199	NaN	NaN	NaN
673.885	0	125	6.900590e+05	125	199	NaN	NaN	NaN
675.441	0.05	21	6.916530e+05	21	200	0.0433998	0	NaN
675.48	0	128	6.916930e+05	128	200	NaN	NaN	NaN
681.431	0	125	6.977860e+05	125	200	NaN	NaN	NaN
727.188	0	128	7.446420e+05	128	200	NaN	NaN	NaN
728.354	0.05	21	7.458360e+05	21	201	0.0425031	0	NaN
728.394	0	128	7.458760e+05	128	201	NaN	NaN	NaN
729.443	0	125	7.469510e+05	125	201	NaN	NaN	NaN
731.049	0.05	11	7.485950e+05	11	202	0.0362742	1	1
731.087	0	128	7.486340e+05	128	202	NaN	NaN	NaN
731.959	0	124	7.495270e+05	124	202	NaN	NaN	NaN
733.186	0	121	7.507830e+05	121	202	NaN	NaN	NaN
734.478	0.05	21	7.521060e+05	21	203	0.0440116	1	1
734.517	0	128	7.521460e+05	128	203	NaN	NaN	NaN
735.557	0	124	7.532110e+05	124	203	NaN	NaN	NaN
736.353	0	121	7.540260e+05	121	203	NaN	NaN	NaN
737.589	0.05	21	7.552920e+05	21	204	0.0459345	1	NaN
737.628	0	128	7.553320e+05	128	204	NaN	NaN	NaN
738.566	0	124	7.562930e+05	124	204	NaN	NaN	NaN
739.864	0.05	21	7.576220e+05	21	205	0.0456329	0	NaN
739.903	0	128	7.576620e+05	128	205	NaN	NaN	NaN
740.683	0	125	7.584600e+05	125	205	NaN	NaN	NaN
741.939	0	32	7.597470e+05	32	206	NaN	0	NaN
741.978	0	128	7.597860e+05	128	206	NaN	NaN	NaN
743.062	0	125	7.608970e+05	125	206	NaN	NaN	NaN
744.498	0	31	7.623670e+05	31	207	NaN	0	NaN
744.537	0	128	7.624070e+05	128	207	NaN	NaN	NaN
745.898	0	125	7.638010e+05	125	207	NaN	NaN	NaN
747.342	0.05	22	7.652790e+05	22	208	0.0472878	1	NaN
747.381	0	128	7.653190e+05	128	208	NaN	NaN	NaN
748.415	0	124	7.663780e+05	124	208	NaN	NaN	NaN
749.751	0	31	7.677460e+05	31	209	NaN	0	NaN
749.79	0	128	7.677860e+05	128	209	NaN	NaN	NaN
750.703	0	125	7.687210e+05	125	209	NaN	NaN	NaN
752.144	0.05	22	7.701960e+05	22	210	0.0442226	1	NaN
752.182	0	128	7.702350e+05	128	210	NaN	NaN	NaN
753.339	0	124	7.714200e+05	124	210	NaN	NaN	NaN
754.854	0.05	11	7.729710e+05	11	211	0.0368873	0	NaN
754.892	0	128	7.730100e+05	128	211	NaN	NaN	NaN
757.446	0	125	7.756260e+05	125	211	NaN	NaN	NaN
758.818	0.05	11	7.770310e+05	11	212	0.038423	0	NaN
758.856	0	128	7.770700e+05	128	212	NaN	NaN	NaN
760.007	0	125	7.782480e+05	125	212	NaN	NaN	NaN
761.444	0.05	11	7.797200e+05	11	213	0.0359248	0	NaN
761.483	0	128	7.797600e+05	128	213	NaN	NaN	NaN
762.778	0	125	7.810860e+05	125	213	NaN	NaN	NaN
764.138	0.05	11	7.824780e+05	11	214	0.0386061	0	2
764.177	0	128	7.825180e+05	128	214	NaN	NaN	NaN
768.261	0	125	7.867000e+05	125	214	NaN	NaN	NaN
769.647	0	122	7.881200e+05	122	214	NaN	NaN	NaN
771.097	0.05	11	7.896040e+05	11	215	0.0386521	0	NaN
771.136	0	128	7.896440e+05	128	215	NaN	NaN	NaN
772.549	0	125	7.910910e+05	125	215	NaN	NaN	NaN
773.773	0.05	22	7.923450e+05	22	216	0.0448751	0	NaN
773.812	0	128	7.923850e+05	128	216	NaN	NaN	NaN
774.898	0	125	7.934970e+05	125	216	NaN	NaN	NaN
776.115	0.05	12	7.947430e+05	12	217	0.0416234	0	NaN
776.154	0	128	7.947830e+05	128	217	NaN	NaN	NaN
777.134	0	125	7.957860e+05	125	217	NaN	NaN	NaN
778.592	0.05	21	7.972790e+05	21	218	0.0441944	0	NaN
778.63	0	128	7.973180e+05	128	218	NaN	NaN	NaN
779.686	0	125	7.983990e+05	125	218	NaN	NaN	NaN
781.084	0.05	21	7.998310e+05	21	219	0.0453585	1	NaN
781.123	0	128	7.998710e+05	128	219	NaN	NaN	NaN
782.035	0	124	8.008050e+05	124	219	NaN	NaN	NaN
783.393	0.05	11	8.021950e+05	11	220	0.0412213	1	NaN
783.432	0	128	8.022350e+05	128	220	NaN	NaN	NaN
784.597	0	124	8.034280e+05	124	220	NaN	NaN	NaN
786.036	0.05	12	8.049020e+05	12	221	0.0425826	0	NaN
786.074	0	128	8.049410e+05	128	221	NaN	NaN	NaN
787.253	0	125	8.061480e+05	125	221	NaN	NaN	NaN
788.829	0.05	21	8.077620e+05	21	222	0.0458034	0	NaN
788.868	0	128	8.078020e+05	128	222	NaN	NaN	NaN
794.558	0	125	8.136280e+05	125	222	NaN	NaN	NaN
795.906	0.05	11	8.150090e+05	11	223	0.0412719	1	NaN
795.944	0	128	8.150480e+05	128	223	NaN	NaN	NaN
796.958	0	124	8.160860e+05	124	223	NaN	NaN	NaN
798.332	0.05	12	8.174930e+05	12	224	0.0419239	1	NaN
798.37	0	128	8.175320e+05	128	224	NaN	NaN	NaN
799.35	0	124	8.185350e+05	124	224	NaN	NaN	NaN
800.824	0	31	8.200450e+05	31	225	NaN	0	NaN
800.862	0	128	8.200840e+05	128	225	NaN	NaN	NaN
802.042	0	125	8.212920e+05	125	225	NaN	NaN	NaN
803.501	0.05	12	8.227860e+05	12	226	0.0406995	0	NaN
803.539	0	128	8.228250e+05	128	226	NaN	NaN	NaN
804.646	0	125	8.239580e+05	125	226	NaN	NaN	NaN
806.194	0.05	12	8.255440e+05	12	227	0.0431257	0	2
806.232	0	128	8.255830e+05	128	227	NaN	NaN	NaN
808.193	0	125	8.275910e+05	125	227	NaN	NaN	NaN
810.976	0	122	8.304400e+05	122	227	NaN	NaN	NaN
812.417	0.05	21	8.319160e+05	21	228	0.0449246	1	NaN
812.456	0	128	8.319560e+05	128	228	NaN	NaN	NaN
813.429	0	124	8.329520e+05	124	228	NaN	NaN	NaN
814.659	0.05	12	8.342120e+05	12	229	0.0417163	0	NaN
814.697	0	128	8.342510e+05	128	229	NaN	NaN	NaN
816.439	0	125	8.360350e+05	125	229	NaN	NaN	NaN
817.653	0.05	11	8.372780e+05	11	230	0.0409078	1	NaN
817.692	0	128	8.373180e+05	128	230	NaN	NaN	NaN
818.497	0	124	8.381420e+05	124	230	NaN	NaN	NaN
819.795	0.05	21	8.394710e+05	21	231	0.043993	0	NaN
819.833	0	128	8.395100e+05	128	231	NaN	NaN	NaN
821.728	0	125	8.414500e+05	125	231	NaN	NaN	NaN
823.124	0.05	22	8.428800e+05	22	232	0.0446962	0	NaN
823.162	0	128	8.429190e+05	128	232	NaN	NaN	NaN
824.203	0	125	8.439850e+05	125	232	NaN	NaN	NaN
825.433	0.05	22	8.452440e+05	22	233	0.0462033	0	NaN
825.471	0	128	8.452830e+05	128	233	NaN	NaN	NaN
828.699	0	125	8.485890e+05	125	233	NaN	NaN	NaN
830.083	0.05	12	8.500060e+05	12	234	0.0415172	0	NaN
830.121	0	128	8.500450e+05	128	234	NaN	NaN	NaN
831.329	0	125	8.512820e+05	125	234	NaN	NaN	NaN
832.776	0.05	11	8.527640e+05	11	235	0.0425684	1	NaN
832.814	0	128	8.528030e+05	128	235	NaN	NaN	NaN
833.891	0	124	8.539050e+05	124	235	NaN	NaN	NaN
835.302	0.05	12	8.553500e+05	12	236	0.0417559	0	NaN
835.341	0	128	8.553900e+05	128	236	NaN	NaN	NaN
836.485	0	125	8.565620e+05	125	236	NaN	NaN	NaN
837.711	0.05	11	8.578170e+05	11	237	0.0416792	0	NaN
837.75	0	128	8.578570e+05	128	237	NaN	NaN	NaN
841.35	0	125	8.615430e+05	125	237	NaN	NaN	NaN
842.797	0	31	8.630250e+05	31	238	NaN	0	NaN
842.835	0	128	8.630640e+05	128	238	NaN	NaN	NaN
843.68	0	125	8.639290e+05	125	238	NaN	NaN	NaN
845.189	0.05	12	8.654750e+05	12	239	0.0428474	1	NaN
845.228	0	128	8.655140e+05	128	239	NaN	NaN	NaN
846.075	0	124	8.663820e+05	124	239	NaN	NaN	NaN
847.531	0.05	21	8.678730e+05	21	240	0.0466201	1	1
847.569	0	128	8.679120e+05	128	240	NaN	NaN	NaN
849.732	0	124	8.701270e+05	124	240	NaN	NaN	NaN
852.653	0	121	8.731180e+05	121	240	NaN	NaN	NaN
853.904	0.05	11	8.743990e+05	11	241	0.0406528	0	NaN
853.943	0	128	8.744390e+05	128	241	NaN	NaN	NaN
855.309	0	125	8.758370e+05	125	241	NaN	NaN	NaN
856.632	0	31	8.771920e+05	31	242	NaN	0	NaN
856.67	0	128	8.772310e+05	128	242	NaN	NaN	NaN
860.943	0	125	8.816070e+05	125	242	NaN	NaN	NaN
862.42	0.05	21	8.831190e+05	21	243	0.045341	0	NaN
862.458	0	128	8.831580e+05	128	243	NaN	NaN	NaN
869.845	0	125	8.907220e+05	125	243	NaN	NaN	NaN
871.068	0.05	11	8.919750e+05	11	244	0.0437823	0	NaN
871.107	0	128	8.920150e+05	128	244	NaN	NaN	NaN
872.701	0	125	8.936470e+05	125	244	NaN	NaN	NaN
874.28	0.05	12	8.952640e+05	12	245	0.0431371	0	NaN
874.319	0	128	8.953040e+05	128	245	NaN	NaN	NaN
875.354	0	125	8.963630e+05	125	245	NaN	NaN	NaN
876.739	0.05	11	8.977820e+05	11	246	0.0439495	0	2
876.778	0	128	8.978220e+05	128	246	NaN	NaN	NaN
877.729	0	125	8.987950e+05	125	246	NaN	NaN	NaN
878.923	0	122	9.000180e+05	122	246	NaN	NaN	NaN
880.152	0	32	9.012770e+05	32	247	NaN	0	NaN
880.19	0	128	9.013160e+05	128	247	NaN	NaN	NaN
881.344	0	125	9.024970e+05	125	247	NaN	NaN	NaN
882.628	0.05	22	9.038120e+05	22	248	0.0464942	0	NaN
882.667	0	128	9.038520e+05	128	248	NaN	NaN	NaN
883.596	0	125	9.048030e+05	125	248	NaN	NaN	NaN
885.104	0.05	21	9.063470e+05	21	249	0.0467768	0	NaN
885.143	0	128	9.063870e+05	128	249	NaN	NaN	NaN
885.921	0	125	9.071840e+05	125	249	NaN	NaN	NaN
887.396	0.05	22	9.086940e+05	22	250	0.0479015	1	NaN
887.435	0	128	9.087340e+05	128	250	NaN	NaN	NaN
888.642	0	124	9.099700e+05	124	250	NaN	NaN	NaN
889.905	0.05	11	9.112640e+05	11	251	0.0461301	0	NaN
889.943	0	128	9.113030e+05	128	251	NaN	NaN	NaN
890.969	0	125	9.123530e+05	125	251	NaN	NaN	NaN
892.481	0.05	12	9.139020e+05	12	252	0.0457922	0	NaN
892.52	0	128	9.139410e+05	128	252	NaN	NaN	NaN
899.04	0	125	9.206180e+05	125	252	NaN	NaN	NaN
900.595	0.05	21	9.222100e+05	21	253	0.0471478	0	NaN
900.633	0	128	9.222490e+05	128	253	NaN	NaN	NaN
901.761	0	125	9.234040e+05	125	253	NaN	NaN	NaN
903.288	0.05	21	9.249680e+05	21	254	0.0472167	0	NaN
903.326	0	128	9.250070e+05	128	254	NaN	NaN	NaN
904.361	0	125	9.260670e+05	125	254	NaN	NaN	NaN
905.764	0.05	12	9.275030e+05	12	255	0.0479276	0	NaN
905.803	0	128	9.275430e+05	128	255	NaN	NaN	NaN
914.804	0	125	9.367600e+05	125	255	NaN	NaN	NaN
916.152	0.05	21	9.381410e+05	21	256	0.0465797	1	NaN
916.191	0	128	9.381810e+05	128	256	NaN	NaN	NaN
917.007	0	124	9.390160e+05	124	256	NaN	NaN	NaN
918.261	0.05	12	9.403000e+05	12	257	0.0487547	1	NaN
918.299	0	128	9.403390e+05	128	257	NaN	NaN	NaN
919.156	0	124	9.412170e+05	124	257	NaN	NaN	NaN
920.401	0.05	22	9.424920e+05	22	258	0.0479315	0	NaN
920.44	0	128	9.425320e+05	128	258	NaN	NaN	NaN
921.81	0	125	9.439340e+05	125	258	NaN	NaN	NaN
923.262	0.05	12	9.454210e+05	12	259	0.0474658	1	2
923.301	0	128	9.454610e+05	128	259	NaN	NaN	NaN
924.287	0	124	9.464710e+05	124	259	NaN	NaN	NaN
925.797	0	122	9.480170e+05	122	259	NaN	NaN	NaN
926.926	0.05	11	9.491730e+05	11	260	0.0480262	1	1
926.965	0	128	9.492130e+05	128	260	NaN	NaN	NaN
927.908	0	124	9.501790e+05	124	260	NaN	NaN	NaN
928.888	0	121	9.511820e+05	121	260	NaN	NaN	NaN
930.104	0	31	9.524280e+05	31	261	NaN	0	NaN
930.143	0	128	9.524670e+05	128	261	NaN	NaN	NaN
933.058	0	125	9.554520e+05	125	261	NaN	NaN	NaN
934.404	0.05	11	9.568310e+05	11	262	0.0474043	0	NaN
934.442	0	128	9.568700e+05	128	262	NaN	NaN	NaN
935.51	0	125	9.579630e+05	125	262	NaN	NaN	NaN
936.862	0	32	9.593480e+05	32	263	NaN	0	NaN
936.901	0	128	9.593880e+05	128	263	NaN	NaN	NaN
943.84	0	125	9.664930e+05	125	263	NaN	NaN	NaN
945.244	0.05	12	9.679310e+05	12	264	0.0467162	1	NaN
945.282	0	128	9.679700e+05	128	264	NaN	NaN	NaN
946.3	0	124	9.690120e+05	124	264	NaN	NaN	NaN
947.854	0	32	9.706030e+05	32	265	NaN	0	NaN
947.893	0	128	9.706430e+05	128	265	NaN	NaN	NaN
949.221	0	125	9.720030e+05	125	265	NaN	NaN	NaN
950.647	0.05	22	9.734640e+05	22	266	0.0486878	1	2
950.686	0	128	9.735030e+05	128	266	NaN	NaN	NaN
952.39	0	124	9.752480e+05	124	266	NaN	NaN	NaN
953.601	0	122	9.764880e+05	122	266	NaN	NaN	NaN
954.779	0.05	21	9.776950e+05	21	267	0.0476364	1	NaN
954.818	0	128	9.777350e+05	128	267	NaN	NaN	NaN
955.925	0	124	9.788680e+05	124	267	NaN	NaN	NaN
957.506	0.05	11	9.804870e+05	11	268	0.0475458	0	NaN
957.545	0	128	9.805270e+05	128	268	NaN	NaN	NaN
958.668	0	125	9.816770e+05	125	268	NaN	NaN	NaN
960.082	0.05	22	9.831250e+05	22	269	0.046061	1	NaN
960.121	0	128	9.831650e+05	128	269	NaN	NaN	NaN
961.075	0	124	9.841420e+05	124	269	NaN	NaN	NaN
962.374	0.05	22	9.854720e+05	22	270	0.0470458	1	NaN
962.413	0	128	9.855120e+05	128	270	NaN	NaN	NaN
963.322	0	124	9.864430e+05	124	270	NaN	NaN	NaN
964.649	0.05	22	9.878020e+05	22	271	0.0442263	0	NaN
964.688	0	128	9.878410e+05	128	271	NaN	NaN	NaN
966.819	0	125	9.900240e+05	125	271	NaN	NaN	NaN
968.213	0.05	21	9.914510e+05	21	272	0.0447649	0	NaN
968.251	0	128	9.914900e+05	128	272	NaN	NaN	NaN
969.315	0	125	9.925800e+05	125	272	NaN	NaN	NaN
970.639	0.05	22	9.939350e+05	22	273	0.0448897	0	NaN
970.677	0	128	9.939740e+05	128	273	NaN	NaN	NaN
976.098	0	125	9.995250e+05	125	273	NaN	NaN	NaN
977.514	0.05	12	1.000975e+06	12	274	0.0471736	0	NaN
977.553	0	128	1.001015e+06	128	274	NaN	NaN	NaN
980.727	0	125	1.004265e+06	125	274	NaN	NaN	NaN
982.03	0.05	22	1.005600e+06	22	275	0.0463606	0	NaN
982.069	0	128	1.005640e+06	128	275	NaN	NaN	NaN
983.187	0	125	1.006784e+06	125	275	NaN	NaN	NaN
984.39	0.05	22	1.008016e+06	22	276	0.0459873	0	NaN
984.428	0	128	1.008055e+06	128	276	NaN	NaN	NaN
985.824	0	125	1.009485e+06	125	276	NaN	NaN	NaN
987.333	0.05	22	1.011030e+06	22	277	0.0476727	0	NaN
987.372	0	128	1.011070e+06	128	277	NaN	NaN	NaN
989.257	0	125	1.013000e+06	125	277	NaN	NaN	NaN
990.729	0.05	21	1.014508e+06	21	278	0.0484056	0	NaN
990.768	0	128	1.014547e+06	128	278	NaN	NaN	NaN
991.839	0	125	1.015644e+06	125	278	NaN	NaN	NaN
993.071	0.05	12	1.016906e+06	12	279	0.0471405	0	NaN
993.11	0	128	1.016946e+06	128	279	NaN	NaN	NaN
994.329	0	125	1.018194e+06	125	279	NaN	NaN	NaN
995.781	0.05	22	1.019681e+06	22	280	0.0492928	0	NaN
995.82	0	128	1.019721e+06	128	280	NaN	NaN	NaN
997.001	0	125	1.020930e+06	125	280	NaN	NaN	NaN
998.241	0.05	12	1.022200e+06	12	281	0.0489806	0	NaN
998.279	0	128	1.022239e+06	128	281	NaN	NaN	NaN
999.655	0	125	1.023648e+06	125	281	NaN	NaN	NaN
1000.95	0.05	11	1.024975e+06	11	282	0.0484139	0	NaN
1000.99	0	128	1.025014e+06	128	282	NaN	NaN	NaN
1002.26	0	125	1.026315e+06	125	282	NaN	NaN	NaN
1003.69	0	32	1.027784e+06	32	283	NaN	0	NaN
1003.73	0	128	1.027823e+06	128	283	NaN	NaN	NaN
1004.7	0	125	1.028815e+06	125	283	NaN	NaN	NaN
1006	0.05	12	1.030148e+06	12	284	0.0504252	0	1
1006.04	0	128	1.030187e+06	128	284	NaN	NaN	NaN
1014.84	0	125	1.039197e+06	125	284	NaN	NaN	NaN
1015.99	0	121	1.040376e+06	121	284	NaN	NaN	NaN
1017.14	0.05	11	1.041557e+06	11	285	0.0540001	0	NaN
1017.18	0	128	1.041596e+06	128	285	NaN	NaN	NaN
1018.2	0	125	1.042636e+06	125	285	NaN	NaN	NaN
1019.55	0.05	12	1.044023e+06	12	286	0.0525343	0	1
1019.59	0	128	1.044063e+06	128	286	NaN	NaN	NaN
1020.4	0	125	1.044891e+06	125	286	NaN	NaN	NaN
1024.1	0	121	1.048679e+06	121	286	NaN	NaN	NaN
1025.22	0.05	12	1.049831e+06	12	287	0.0527749	0	NaN
1025.26	0	128	1.049870e+06	128	287	NaN	NaN	NaN
1026.5	0	125	1.051136e+06	125	287	NaN	NaN	NaN
1028.05	0.05	21	1.052726e+06	21	288	0.0514039	0	NaN
1028.09	0	128	1.052765e+06	128	288	NaN	NaN	NaN
1029.44	0	125	1.054146e+06	125	288	NaN	NaN	NaN
1030.78	0.05	22	1.055518e+06	22	289	0.0524131	0	NaN
1030.82	0	128	1.055557e+06	128	289	NaN	NaN	NaN
1031.79	0	125	1.056549e+06	125	289	NaN	NaN	NaN
1033.12	0.05	12	1.057916e+06	12	290	0.0551578	0	NaN
1033.16	0	128	1.057956e+06	128	290	NaN	NaN	NaN
1034.34	0	125	1.059168e+06	125	290	NaN	NaN	NaN
1035.76	0.05	22	1.060623e+06	22	291	0.0522036	1	NaN
1035.8	0	128	1.060662e+06	128	291	NaN	NaN	NaN
1036.94	0	124	1.061824e+06	124	291	NaN	NaN	NaN
1038.47	0.05	22	1.063398e+06	22	292	0.0524949	1	NaN
1038.53	0	128	1.063454e+06	128	292	NaN	NaN	NaN
1039.51	0	124	1.064462e+06	124	292	NaN	NaN	NaN
1040.9	0.05	12	1.065882e+06	12	293	0.0562701	0	NaN
1040.94	0	128	1.065921e+06	128	293	NaN	NaN	NaN
1042.28	0	125	1.067292e+06	125	293	NaN	NaN	NaN
1043.83	0.05	12	1.068879e+06	12	294	0.0583769	0	NaN
1043.87	0	128	1.068919e+06	128	294	NaN	NaN	NaN
1045.23	0	125	1.070320e+06	125	294	NaN	NaN	NaN
1046.79	0.05	12	1.071912e+06	12	295	0.0575051	0	NaN
1046.83	0	128	1.071951e+06	128	295	NaN	NaN	NaN
1048.57	0	125	1.073736e+06	125	295	NaN	NaN	NaN
1050.13	0.05	21	1.075338e+06	21	296	0.0527995	0	NaN
1050.17	0	128	1.075377e+06	128	296	NaN	NaN	NaN
1051.01	0	125	1.076240e+06	125	296	NaN	NaN	NaN
1052.24	0.05	21	1.077496e+06	21	297	0.0540825	1	NaN
1052.28	0	128	1.077536e+06	128	297	NaN	NaN	NaN
1053.19	0	124	1.078463e+06	124	297	NaN	NaN	NaN
1054.52	0.05	11	1.079826e+06	11	298	0.0587175	1	NaN
1054.55	0	128	1.079865e+06	128	298	NaN	NaN	NaN
1055.56	0	124	1.080896e+06	124	298	NaN	NaN	NaN
1057.11	0.05	11	1.082481e+06	11	299	0.0597873	1	NaN
1057.15	0	128	1.082520e+06	128	299	NaN	NaN	NaN
1058.07	0	124	1.083464e+06	124	299	NaN	NaN	NaN
1059.6	0.05	11	1.085034e+06	11	300	0.0585353	1	NaN
1059.64	0	128	1.085073e+06	128	300	NaN	NaN	NaN
1060.52	0	124	1.085971e+06	124	300	NaN	NaN	NaN
1086.02	0	128	1.112086e+06	128	300	NaN	NaN	NaN
1087.05	0.05	21	1.113144e+06	21	301	0.0530742	1	NaN
1087.09	0	128	1.113184e+06	128	301	NaN	NaN	NaN
1087.95	0	124	1.114061e+06	124	301	NaN	NaN	NaN
1089.18	0.05	22	1.115320e+06	22	302	0.054181	1	2
1089.22	0	128	1.115359e+06	128	302	NaN	NaN	NaN
1089.9	0	124	1.116054e+06	124	302	NaN	NaN	NaN
1091.91	0	122	1.118113e+06	122	302	NaN	NaN	NaN
1093.24	0.05	22	1.119482e+06	22	303	0.052574	1	NaN
1093.28	0	128	1.119522e+06	128	303	NaN	NaN	NaN
1094.24	0	124	1.120503e+06	124	303	NaN	NaN	NaN
1095.62	0.05	11	1.121915e+06	11	304	0.0578254	1	NaN
1095.66	0	128	1.121954e+06	128	304	NaN	NaN	NaN
1096.69	0	124	1.123009e+06	124	304	NaN	NaN	NaN
1097.89	0.05	12	1.124245e+06	12	305	0.0538427	1	NaN
1097.93	0	128	1.124284e+06	128	305	NaN	NaN	NaN
1098.92	0	124	1.125298e+06	124	305	NaN	NaN	NaN
1100.4	0.05	21	1.126814e+06	21	306	0.0537351	1	NaN
1100.44	0	128	1.126854e+06	128	306	NaN	NaN	NaN
1101.31	0	124	1.127741e+06	124	306	NaN	NaN	NaN
1102.59	0.05	11	1.129058e+06	11	307	0.0561929	1	NaN
1102.63	0	128	1.129098e+06	128	307	NaN	NaN	NaN
1103.5	0	124	1.129982e+06	124	307	NaN	NaN	NaN
1104.9	0.05	11	1.131422e+06	11	308	0.0542611	1	NaN
1104.94	0	128	1.131462e+06	128	308	NaN	NaN	NaN
1105.77	0	124	1.132313e+06	124	308	NaN	NaN	NaN
1107.16	0.05	21	1.133735e+06	21	309	0.0516784	1	2
1107.2	0	128	1.133774e+06	128	309	NaN	NaN	NaN
1108.01	0	124	1.134608e+06	124	309	NaN	NaN	NaN
1109.98	0	122	1.136623e+06	122	309	NaN	NaN	NaN
1111.33	0.05	21	1.138000e+06	21	310	0.051202	1	NaN
1111.37	0	128	1.138040e+06	128	310	NaN	NaN	NaN
1112.31	0	124	1.139003e+06	124	310	NaN	NaN	NaN
1113.87	0	31	1.140604e+06	31	311	NaN	0	NaN
1113.91	0	128	1.140644e+06	128	311	NaN	NaN	NaN
1114.94	0	125	1.141703e+06	125	311	NaN	NaN	NaN
1116.45	0.05	21	1.143242e+06	21	312	0.0485073	1	NaN
1116.49	0	128	1.143282e+06	128	312	NaN	NaN	NaN
1117.29	0	124	1.144109e+06	124	312	NaN	NaN	NaN
1118.72	0.05	22	1.145572e+06	22	313	0.0464271	1	1
1118.76	0	128	1.145611e+06	128	313	NaN	NaN	NaN
1119.73	0	124	1.146606e+06	124	313	NaN	NaN	NaN
1122.38	0	121	1.149320e+06	121	313	NaN	NaN	NaN
1123.72	0.05	22	1.150694e+06	22	314	0.0459046	0	NaN
1123.76	0	128	1.150733e+06	128	314	NaN	NaN	NaN
1125.02	0	125	1.152017e+06	125	314	NaN	NaN	NaN
1126.52	0.05	12	1.153555e+06	12	315	0.0531446	1	NaN
1126.56	0	128	1.153594e+06	128	315	NaN	NaN	NaN
1127.81	0	124	1.154881e+06	124	315	NaN	NaN	NaN
1129.34	0.05	12	1.156449e+06	12	316	0.0522918	1	NaN
1129.38	0	128	1.156489e+06	128	316	NaN	NaN	NaN
1130.29	0	124	1.157421e+06	124	316	NaN	NaN	NaN
1131.75	0.05	21	1.158916e+06	21	317	0.0470629	0	NaN
1131.79	0	128	1.158956e+06	128	317	NaN	NaN	NaN
1133.44	0	125	1.160642e+06	125	317	NaN	NaN	NaN
1134.63	0.05	11	1.161863e+06	11	318	0.0513212	0	NaN
1134.67	0	128	1.161902e+06	128	318	NaN	NaN	NaN
1135.75	0	125	1.163007e+06	125	318	NaN	NaN	NaN
1137.01	0.05	21	1.164295e+06	21	319	0.0467842	1	NaN
1137.04	0	128	1.164335e+06	128	319	NaN	NaN	NaN
1137.86	0	124	1.165166e+06	124	319	NaN	NaN	NaN
1139.05	0.05	12	1.166385e+06	12	320	0.0506064	0	NaN
1139.09	0	128	1.166425e+06	128	320	NaN	NaN	NaN
1145.85	0	125	1.173350e+06	125	320	NaN	NaN	NaN
1147.41	0.05	11	1.174950e+06	11	321	0.0544124	1	NaN
1147.47	0	128	1.175007e+06	128	321	NaN	NaN	NaN
1148.47	0	124	1.176030e+06	124	321	NaN	NaN	NaN
1149.84	0.05	22	1.177434e+06	22	322	0.0481223	0	NaN
1149.88	0	128	1.177474e+06	128	322	NaN	NaN	NaN
1150.83	0	125	1.178454e+06	125	322	NaN	NaN	NaN
1152.35	0.05	21	1.180004e+06	21	323	0.0498918	0	NaN
1152.4	0	128	1.180060e+06	128	323	NaN	NaN	NaN
1153.92	0	125	1.181616e+06	125	323	NaN	NaN	NaN
1155.16	0.05	11	1.182881e+06	11	324	0.0520524	1	NaN
1155.2	0	128	1.182921e+06	128	324	NaN	NaN	NaN
1156.13	0	124	1.183877e+06	124	324	NaN	NaN	NaN
1157.63	0.05	11	1.185417e+06	11	325	0.0520807	1	NaN
1157.67	0	128	1.185456e+06	128	325	NaN	NaN	NaN
1159.01	0	124	1.186827e+06	124	325	NaN	NaN	NaN
1160.28	0.05	11	1.188123e+06	11	326	0.0515312	1	1
1160.31	0	128	1.188163e+06	128	326	NaN	NaN	NaN
1161.33	0	124	1.189207e+06	124	326	NaN	NaN	NaN
1162.63	0	121	1.190530e+06	121	326	NaN	NaN	NaN
1164.02	0.05	21	1.191961e+06	21	327	0.048573	0	NaN
1164.06	0	128	1.192000e+06	128	327	NaN	NaN	NaN
1165.36	0	125	1.193334e+06	125	327	NaN	NaN	NaN
1166.95	0.05	11	1.194958e+06	11	328	0.0517973	0	NaN
1166.99	0	128	1.194998e+06	128	328	NaN	NaN	NaN
1168.31	0	125	1.196346e+06	125	328	NaN	NaN	NaN
1169.74	0.05	11	1.197819e+06	11	329	0.0537335	1	2
1169.78	0	128	1.197859e+06	128	329	NaN	NaN	NaN
1172.64	0	124	1.200780e+06	124	329	NaN	NaN	NaN
1174.44	0	122	1.202623e+06	122	329	NaN	NaN	NaN
1175.63	0.05	21	1.203849e+06	21	330	0.0492897	0	NaN
1175.67	0	128	1.203889e+06	128	330	NaN	NaN	NaN
1177.48	0	125	1.205738e+06	125	330	NaN	NaN	NaN
1178.81	0	31	1.207104e+06	31	331	NaN	0	NaN
1178.85	0	128	1.207143e+06	128	331	NaN	NaN	NaN
1179.9	0	125	1.208215e+06	125	331	NaN	NaN	NaN
1181.1	0.05	11	1.209451e+06	11	332	0.052275	1	NaN
1181.14	0	128	1.209490e+06	128	332	NaN	NaN	NaN
1183.92	0	124	1.212330e+06	124	332	NaN	NaN	NaN
1185.17	0.05	12	1.213614e+06	12	333	0.050994	0	NaN
1185.21	0	128	1.213653e+06	128	333	NaN	NaN	NaN
1186.48	0	125	1.214957e+06	125	333	NaN	NaN	NaN
1188.06	0	32	1.216577e+06	32	334	NaN	0	NaN
1188.1	0	128	1.216616e+06	128	334	NaN	NaN	NaN
1196.39	0	125	1.225102e+06	125	334	NaN	NaN	NaN
1197.87	0.05	22	1.226615e+06	22	335	0.050332	1	NaN
1197.9	0	128	1.226655e+06	128	335	NaN	NaN	NaN
1198.86	0	124	1.227629e+06	124	335	NaN	NaN	NaN
1200.41	0.05	22	1.229219e+06	22	336	0.0496972	1	1
1200.45	0	128	1.229259e+06	128	336	NaN	NaN	NaN
1204.12	0	124	1.233025e+06	124	336	NaN	NaN	NaN
1206.04	0	121	1.234983e+06	121	336	NaN	NaN	NaN
1207.47	0.05	12	1.236448e+06	12	337	0.0498546	1	NaN
1207.51	0	128	1.236488e+06	128	337	NaN	NaN	NaN
1210.26	0	124	1.239312e+06	124	337	NaN	NaN	NaN
1211.52	0.05	12	1.240594e+06	12	338	0.0501354	1	NaN
1211.55	0	128	1.240633e+06	128	338	NaN	NaN	NaN
1212.61	0	124	1.241718e+06	124	338	NaN	NaN	NaN
1214.14	0.05	12	1.243283e+06	12	339	0.0503573	0	NaN
1214.18	0	128	1.243322e+06	128	339	NaN	NaN	NaN
1216.29	0	125	1.245479e+06	125	339	NaN	NaN	NaN
1217.55	0.05	12	1.246777e+06	12	340	0.0507702	0	NaN
1217.59	0	128	1.246817e+06	128	340	NaN	NaN	NaN
1218.77	0	125	1.248019e+06	125	340	NaN	NaN	NaN
1220.01	0.05	21	1.249296e+06	21	341	0.0503156	0	NaN
1220.05	0	128	1.249335e+06	128	341	NaN	NaN	NaN
1222.09	0	125	1.251423e+06	125	341	NaN	NaN	NaN
1223.36	0.05	12	1.252722e+06	12	342	0.0514409	0	NaN
1223.4	0	128	1.252761e+06	128	342	NaN	NaN	NaN
1224.75	0	125	1.254145e+06	125	342	NaN	NaN	NaN
1226.27	0.05	12	1.255703e+06	12	343	0.0536199	0	NaN
1226.31	0	128	1.255742e+06	128	343	NaN	NaN	NaN
1228.29	0	125	1.257765e+06	125	343	NaN	NaN	NaN
1229.65	0.05	11	1.259163e+06	11	344	0.0528786	0	NaN
1229.69	0	128	1.259202e+06	128	344	NaN	NaN	NaN
1231.89	0	125	1.261454e+06	125	344	NaN	NaN	NaN
1233.31	0	31	1.262914e+06	31	345	NaN	0	NaN
1233.35	0	128	1.262954e+06	128	345	NaN	NaN	NaN
1237.06	0	125	1.266748e+06	125	345	NaN	NaN	NaN
1238.62	0.05	11	1.268345e+06	11	346	0.0530799	0	NaN
1238.66	0	128	1.268384e+06	128	346	NaN	NaN	NaN
1239.93	0	125	1.269694e+06	125	346	NaN	NaN	NaN
1241.33	0.05	21	1.271120e+06	21	347	0.0472298	1	NaN
1241.37	0	128	1.271159e+06	128	347	NaN	NaN	NaN
1242.66	0	124	1.272482e+06	124	347	NaN	NaN	NaN
1244.17	0.05	12	1.274032e+06	12	348	0.057333	0	NaN
1244.21	0	128	1.274071e+06	128	348	NaN	NaN	NaN
1245.53	0	125	1.275427e+06	125	348	NaN	NaN	NaN
1247	0	32	1.276927e+06	32	349	NaN	0	NaN
1247.04	0	128	1.276966e+06	128	349	NaN	NaN	NaN
1248.17	0	125	1.278130e+06	125	349	NaN	NaN	NaN
1249.62	0.05	21	1.279616e+06	21	350	0.0471873	0	NaN
1249.66	0	128	1.279656e+06	128	350	NaN	NaN	NaN
1251.53	0	125	1.281563e+06	125	350	NaN	NaN	NaN
1252.8	0.05	22	1.282871e+06	22	351	0.0481952	0	NaN
1252.84	0	128	1.282911e+06	128	351	NaN	NaN	NaN
1253.8	0	125	1.283888e+06	125	351	NaN	NaN	NaN
1255.28	0.05	12	1.285406e+06	12	352	0.0583453	0	2
1255.32	0	128	1.285446e+06	128	352	NaN	NaN	NaN
1256.2	0	125	1.286345e+06	125	352	NaN	NaN	NaN
1258.47	0	122	1.288677e+06	122	352	NaN	NaN	NaN
1259.59	0.05	11	1.289826e+06	11	353	0.0579158	0	NaN
1259.63	0	128	1.289865e+06	128	353	NaN	NaN	NaN
1269.59	0	125	1.300064e+06	125	353	NaN	NaN	NaN
1270.97	0.05	12	1.301475e+06	12	354	0.0588851	1	2
1271.01	0	128	1.301514e+06	128	354	NaN	NaN	NaN
1271.88	0	124	1.302402e+06	124	354	NaN	NaN	NaN
1275.07	0	122	1.305671e+06	122	354	NaN	NaN	NaN
1276.49	0.05	11	1.307128e+06	11	355	0.057435	1	NaN
1276.53	0	128	1.307167e+06	128	355	NaN	NaN	NaN
1277.53	0	124	1.308189e+06	124	355	NaN	NaN	NaN
1278.88	0.05	12	1.309577e+06	12	356	0.0582825	0	NaN
1278.92	0	128	1.309617e+06	128	356	NaN	NaN	NaN
1281.45	0	125	1.312205e+06	125	356	NaN	NaN	NaN
1282.98	0.05	12	1.313774e+06	12	357	0.0557715	0	NaN
1283.02	0	128	1.313814e+06	128	357	NaN	NaN	NaN
1284.8	0	125	1.315635e+06	125	357	NaN	NaN	NaN
1286.23	0.05	11	1.317097e+06	11	358	0.057766	0	NaN
1286.27	0	128	1.317137e+06	128	358	NaN	NaN	NaN
1289.74	0	125	1.320696e+06	125	358	NaN	NaN	NaN
1290.94	0.05	22	1.321928e+06	22	359	0.049294	0	NaN
1290.98	0	128	1.321968e+06	128	359	NaN	NaN	NaN
1294.09	0	125	1.325150e+06	125	359	NaN	NaN	NaN
1295.33	0.05	21	1.326416e+06	21	360	0.0500821	0	NaN
1295.37	0	128	1.326456e+06	128	360	NaN	NaN	NaN
1296.93	0	125	1.328061e+06	125	360	NaN	NaN	NaN
1298.25	0.05	21	1.329414e+06	21	361	0.051296	0	NaN
1298.29	0	128	1.329454e+06	128	361	NaN	NaN	NaN
1312.49	0	125	1.343988e+06	125	361	NaN	NaN	NaN
1314.03	0.05	21	1.345568e+06	21	362	0.0507443	0	NaN
1314.07	0	128	1.345607e+06	128	362	NaN	NaN	NaN
1315.18	0	125	1.346747e+06	125	362	NaN	NaN	NaN
1316.67	0.05	21	1.348275e+06	21	363	0.0528075	0	NaN
1316.71	0	128	1.348314e+06	128	363	NaN	NaN	NaN
1317.78	0	125	1.349408e+06	125	363	NaN	NaN	NaN
1319.12	0.05	21	1.350776e+06	21	364	0.0540486	0	NaN
1319.15	0	128	1.350815e+06	128	364	NaN	NaN	NaN
1320.15	0	125	1.351833e+06	125	364	NaN	NaN	NaN
1321.62	0.05	21	1.353345e+06	21	365	0.0527457	0	NaN
1321.66	0	128	1.353385e+06	128	365	NaN	NaN	NaN
1322.65	0	125	1.354394e+06	125	365	NaN	NaN	NaN
1324.15	0.05	22	1.355932e+06	22	366	0.0537557	0	NaN
1324.19	0	128	1.355971e+06	128	366	NaN	NaN	NaN
1331.49	0	125	1.363447e+06	125	366	NaN	NaN	NaN
1332.85	0.05	11	1.364839e+06	11	367	0.0602461	1	1
1332.89	0	128	1.364879e+06	128	367	NaN	NaN	NaN
1334.49	0	124	1.366522e+06	124	367	NaN	NaN	NaN
1336.91	0	121	1.368993e+06	121	367	NaN	NaN	NaN
1338.25	0.05	22	1.370373e+06	22	368	0.0558928	1	NaN
1338.29	0	128	1.370412e+06	128	368	NaN	NaN	NaN
1339.38	0	124	1.371528e+06	124	368	NaN	NaN	NaN
1340.71	0.05	22	1.372891e+06	22	369	0.0545401	0	NaN
1340.75	0	128	1.372930e+06	128	369	NaN	NaN	NaN
1341.59	0	125	1.373787e+06	125	369	NaN	NaN	NaN
1342.94	0.05	22	1.375169e+06	22	370	0.0549328	1	2
1342.98	0	128	1.375209e+06	128	370	NaN	NaN	NaN
1343.91	0	124	1.376168e+06	124	370	NaN	NaN	NaN
1345.92	0	122	1.378227e+06	122	370	NaN	NaN	NaN
1347.07	0.05	22	1.379400e+06	22	371	0.0535478	1	NaN
1347.11	0	128	1.379440e+06	128	371	NaN	NaN	NaN
1348.03	0	124	1.380380e+06	124	371	NaN	NaN	NaN
1349.53	0.05	22	1.381918e+06	22	372	0.0539652	1	NaN
1349.57	0	128	1.381958e+06	128	372	NaN	NaN	NaN
1350.74	0	124	1.383157e+06	124	372	NaN	NaN	NaN
1351.99	0.05	21	1.384437e+06	21	373	0.0539595	1	NaN
1352.03	0	128	1.384476e+06	128	373	NaN	NaN	NaN
1352.76	0	124	1.385231e+06	124	373	NaN	NaN	NaN
1354.11	0.05	22	1.386612e+06	22	374	0.0528639	1	NaN
1354.15	0	128	1.386652e+06	128	374	NaN	NaN	NaN
1354.97	0	124	1.387491e+06	124	374	NaN	NaN	NaN
1356.42	0.05	12	1.388976e+06	12	375	0.0568489	1	NaN
1356.46	0	128	1.389016e+06	128	375	NaN	NaN	NaN
1357.26	0	124	1.389835e+06	124	375	NaN	NaN	NaN
1358.55	0	31	1.391152e+06	31	376	NaN	1	NaN
1358.58	0	128	1.391191e+06	128	376	NaN	NaN	NaN
1360.13	0	124	1.392771e+06	124	376	NaN	NaN	NaN
1361.52	0.05	21	1.394201e+06	21	377	0.0507825	1	NaN
1361.56	0	128	1.394240e+06	128	377	NaN	NaN	NaN
1362.54	0	124	1.395241e+06	124	377	NaN	NaN	NaN
1363.88	0.05	22	1.396616e+06	22	378	0.048482	1	NaN
1363.92	0	128	1.396656e+06	128	378	NaN	NaN	NaN
1364.79	0	124	1.397544e+06	124	378	NaN	NaN	NaN
1366.24	0.05	22	1.399031e+06	22	379	0.048009	1	NaN
1366.28	0	128	1.399071e+06	128	379	NaN	NaN	NaN
1367.22	0	124	1.400035e+06	124	379	NaN	NaN	NaN
1368.58	0.05	11	1.401430e+06	11	380	0.0555596	1	NaN
1368.62	0	128	1.401469e+06	128	380	NaN	NaN	NaN
1369.4	0	124	1.402269e+06	124	380	NaN	NaN	NaN
1370.66	0.05	21	1.403554e+06	21	381	0.0464837	1	2
1370.7	0	128	1.403593e+06	128	381	NaN	NaN	NaN
1371.43	0	124	1.404346e+06	124	381	NaN	NaN	NaN
1373.29	0	122	1.406247e+06	122	381	NaN	NaN	NaN
1374.67	0.05	11	1.407665e+06	11	382	0.0556832	1	NaN
1374.71	0	128	1.407705e+06	128	382	NaN	NaN	NaN
1375.66	0	124	1.408678e+06	124	382	NaN	NaN	NaN
1377.21	0.05	12	1.410269e+06	12	383	0.0548083	1	NaN
1377.25	0	128	1.410309e+06	128	383	NaN	NaN	NaN
1378.62	0	124	1.411708e+06	124	383	NaN	NaN	NaN
1380.04	0.05	12	1.413164e+06	12	384	0.0535838	1	NaN
1380.08	0	128	1.413204e+06	128	384	NaN	NaN	NaN
1381.38	0	124	1.414534e+06	124	384	NaN	NaN	NaN
1382.65	0.05	11	1.415836e+06	11	385	0.0531002	1	NaN
1382.69	0	128	1.415876e+06	128	385	NaN	NaN	NaN
1383.61	0	124	1.416820e+06	124	385	NaN	NaN	NaN
1384.99	0.05	11	1.418235e+06	11	386	0.0498628	1	NaN
1385.03	0	128	1.418274e+06	128	386	NaN	NaN	NaN
1386.08	0	124	1.419350e+06	124	386	NaN	NaN	NaN
1387.52	0.05	12	1.420821e+06	12	387	0.0511077	1	NaN
1387.56	0	128	1.420861e+06	128	387	NaN	NaN	NaN
1388.4	0	124	1.421725e+06	124	387	NaN	NaN	NaN
1389.73	0.05	21	1.423083e+06	21	388	0.0472641	1	NaN
1389.77	0	128	1.423122e+06	128	388	NaN	NaN	NaN
1390.64	0	124	1.424020e+06	124	388	NaN	NaN	NaN
1391.99	0.05	21	1.425395e+06	21	389	0.0464145	1	2
1392.03	0	128	1.425435e+06	128	389	NaN	NaN	NaN
1393.23	0	124	1.426673e+06	124	389	NaN	NaN	NaN
1394.79	0	122	1.428267e+06	122	389	NaN	NaN	NaN
1396.2	0.05	12	1.429712e+06	12	390	0.0488424	1	NaN
1396.26	0	128	1.429769e+06	128	390	NaN	NaN	NaN
1397.22	0	124	1.430757e+06	124	390	NaN	NaN	NaN
1398.76	0.05	22	1.432333e+06	22	391	0.0431557	1	NaN
1398.8	0	128	1.432372e+06	128	391	NaN	NaN	NaN
1399.6	0	124	1.433192e+06	124	391	NaN	NaN	NaN
1400.87	0.05	21	1.434491e+06	21	392	0.0430893	1	NaN
1400.91	0	128	1.434531e+06	128	392	NaN	NaN	NaN
1402.04	0	124	1.435695e+06	124	392	NaN	NaN	NaN
1403.58	0.05	12	1.437266e+06	12	393	0.0477772	1	NaN
1403.62	0	128	1.437306e+06	128	393	NaN	NaN	NaN
1404.95	0	124	1.438671e+06	124	393	NaN	NaN	NaN
1406.44	0.05	22	1.440196e+06	22	394	0.0409005	1	NaN
1406.48	0	128	1.440235e+06	128	394	NaN	NaN	NaN
1407.38	0	124	1.441160e+06	124	394	NaN	NaN	NaN
1408.77	0.05	22	1.442577e+06	22	395	0.0412977	1	NaN
1408.8	0	128	1.442616e+06	128	395	NaN	NaN	NaN
1410.32	0	124	1.444173e+06	124	395	NaN	NaN	NaN
1411.58	0.05	22	1.445455e+06	22	396	0.0419908	1	NaN
1411.61	0	128	1.445494e+06	128	396	NaN	NaN	NaN
1412.35	0	124	1.446247e+06	124	396	NaN	NaN	NaN
1413.58	0.05	12	1.447510e+06	12	397	0.0461432	1	NaN
1413.62	0	128	1.447550e+06	128	397	NaN	NaN	NaN
1414.58	0	124	1.448529e+06	124	397	NaN	NaN	NaN
1416.09	0.05	21	1.450080e+06	21	398	0.0413798	1	NaN
1416.13	0	128	1.450119e+06	128	398	NaN	NaN	NaN
1417.05	0	124	1.451058e+06	124	398	NaN	NaN	NaN
1418.57	0.05	12	1.452615e+06	12	399	0.0465108	1	NaN
1418.61	0	128	1.452655e+06	128	399	NaN	NaN	NaN
1419.64	0	124	1.453717e+06	124	399	NaN	NaN	NaN
1420.98	0.05	11	1.455082e+06	11	400	0.0451056	1	NaN
1421.02	0	128	1.455121e+06	128	400	NaN	NaN	NaN
1421.89	0	124	1.456019e+06	124	400	NaN	NaN	NaN
1427.66	0	128	1.461923e+06	128	400	NaN	NaN	NaN
